date,reference_action,predicted_action,rouge1,rouge2,rougeL
2023-10-20,Raise price to $0.200/kWh from 4–7pm,"Based on the current operational status and the patterns from the historical examples, here is the recommended action plan:

### **Pricing Action:**
- **Raise the electricity price** to **$0.200/kWh** during peak hours (4–7 pm).  
  This aligns with the historical pattern of increasing prices during high grid stress and peak demand periods to reduce demand and stabilize the grid.

### **Scheduling Action:**
- **Implement dynamic pricing** during the peak period (4–7 pm) to encourage users to charge during off-peak times.  
  This helps manage demand and supports grid stability,",0.16494845360824742,0.08421052631578949,0.14432989690721648
2023-10-21,Maintain current pricing; no intervention needed,"Based on the current operational status and the patterns from the historical examples, here is the recommended action:

**Pricing Action:** Maintain current pricing of $0.114/kWh.  
**Scheduling Action:** No additional scheduling interventions are needed.

### Reasoning:
- **Grid Stress Level:** Moderate, which aligns with the scenarios in Examples 2 and 3 where no intervention was required.
- **Demand and Peak:** The forecasted total demand is 1313.5 kWh with an expected peak of 99.1 kWh. These values are within normal ranges, and the current electricity price is already",0.12903225806451613,0.06593406593406594,0.12903225806451613
2023-10-22,Maintain current pricing; no intervention needed,"Based on the current operational status and the historical patterns from the examples, here is the recommended action:

**Pricing Recommendation:** Maintain current pricing at $0.105/kWh.  
**Scheduling Recommendation:** No specific time-based pricing adjustment is needed.

### Reasoning:
- **Grid Stress Level:** Moderate, similar to Example 1, suggests no immediate need for price adjustments to manage grid stability.
- **Demand and Peak:** Forecasted total demand is 1303.7 kWh with an expected peak of 88.3 kWh, which is lower than the peak in Examples 2 and 3 but",0.1075268817204301,0.04395604395604395,0.1075268817204301
2023-10-23,Increase price to $0.291/kWh during peak hours (reduce demand by ~25%) | Activate demand response: notify users of peak pricing via app,"Based on the current operational status and the patterns from the historical examples, here is the recommended action plan:

### **Pricing Action:**
- **Increase the electricity price during peak hours** to $0.309/kWh. This aligns with the historical pattern of raising prices by approximately 45–50% during peak times to reduce demand by ~25%, which helps manage grid stress and optimize revenue.

### **Demand Response Action:**
- **Notify users of the increased peak pricing via the app** to encourage users to charge during off-peak hours. This has been a consistent strategy in previous examples to",0.36206896551724144,0.1929824561403509,0.3448275862068966
2023-10-24,Increase price to $0.363/kWh during peak hours (reduce demand by ~25%) | Activate demand response: notify users of peak pricing via app,"Based on the current operational status and the patterns from the historical examples, here is the recommended action plan:

### **Pricing Action:**
- **Increase the electricity price during peak hours** to $0.336/kWh. This aligns with the historical pattern of raising prices during peak demand to reduce overall demand by approximately 25%, which helps manage grid stress and optimize revenue.

### **Demand Response Action:**
- **Notify users of the increased peak pricing via the app** to encourage users to charge during off-peak hours. This supports grid stability and improves user satisfaction by providing transparency.

### **Scheduling Action",0.3589743589743589,0.1565217391304348,0.3418803418803419
2023-10-25,Raise price to $0.197/kWh from 4–7pm,"Based on the current operational status and the historical patterns from the examples, the following recommendation is provided:

**Pricing Action:**  
Raise the electricity price to **$0.190/kWh** during the peak demand period (4–7pm). This aligns with the historical pattern of increasing prices during high grid stress and peak demand periods, which has been effective in managing demand and optimizing revenue.

**Scheduling Action:**  
Encourage users to charge their vehicles during off-peak hours (before 4pm or after 7pm) by offering incentives or promotions. This helps alleviate grid stress during peak times and improves user",0.15384615384615383,0.058823529411764705,0.1346153846153846
2023-10-26,Raise price to $0.172/kWh from 4–7pm,"Based on the current operational status and the patterns from the historical examples, here is the recommended action plan:

### **Pricing Action:**
- **Increase the electricity price during peak hours** to $0.184/kWh (a 27% increase from the current $0.143/kWh). This aligns with the historical pattern of raising prices during peak periods (4–7pm) when grid stress is high, as seen in Examples 2 and 3. This will help reduce demand and support grid stability.

### **Scheduling Action:**
- **Implement a time-of-use pricing strategy**",0.1702127659574468,0.06521739130434782,0.14893617021276592
2023-10-27,Increase price to $0.263/kWh during peak hours (reduce demand by ~25%) | Activate demand response: notify users of peak pricing via app,"Based on the current operational status and the patterns from the historical examples, here is the recommended action plan:

### **Pricing Action:**
- **Increase the electricity price during peak hours** to $0.328/kWh. This aligns with the historical pattern of raising prices by approximately 100% during critical grid conditions to reduce demand by ~25%, as seen in Examples 1 and 3. This will help manage the critical grid stress while optimizing revenue.

### **Demand Response Action:**
- **Activate demand response** by notifying users of the peak pricing via the app. This has been a consistent",0.3826086956521739,0.21238938053097345,0.3478260869565218
2023-10-28,Increase price to $0.143/kWh during peak hours (reduce demand by ~25%) | Activate demand response: notify users of peak pricing via app | Pre-position mobile charging unit near stadium by 10am,"Based on the current operational status and the patterns from the historical examples, here is the recommended action plan:

### **Pricing Action:**
- **Increase the electricity price during peak hours** to $0.182/kWh (similar to Example 1, where a price increase of ~55% was implemented during peak hours to reduce demand by ~25%). This will help manage grid stress and optimize revenue, especially given the ""critical"" grid stress level and the special event (psu_game).

### **Scheduling Action:**
- **Pre-position a mobile charging unit near the stadium by 10am**",0.4033613445378151,0.20512820512820512,0.35294117647058826
2023-10-29,Maintain current pricing; no intervention needed,"Based on the current operational status and the historical patterns from the examples, the following recommendation is provided:

**Pricing Recommendation:**  
Maintain the current electricity price of **$0.121/kWh**. The historical examples show that when grid stress is moderate, peak demand is relatively low, and there are no special events, maintaining current pricing is the standard decision. The current price aligns with the moderate grid stress and low queue length, indicating no immediate need for price adjustments.

**Scheduling Recommendation:**  
Continue with **no intervention** in scheduling. The historical examples indicate that when the grid is moderate, peak demand is",0.11538461538461538,0.058823529411764705,0.09615384615384616
2023-10-30,Raise price to $0.167/kWh from 4–7pm,"Based on the current operational status and the historical patterns from the examples, the following recommendation is provided:

**Pricing Action:**  
Raise the electricity price to **$0.175/kWh** during peak hours (4–7 pm). This aligns with the historical trend of increasing prices during high grid stress periods and peak demand times, which helps manage demand and ensure grid stability.

**Scheduling Action:**  
Encourage users to charge during off-peak hours (before 4 pm and after 7 pm) by offering incentives or promotions. This can help balance the load on the grid and improve user satisfaction by avoiding higher",0.1308411214953271,0.0380952380952381,0.11214953271028037
2023-10-31,Increase price to $0.273/kWh during peak hours (reduce demand by ~25%) | Activate demand response: notify users of peak pricing via app,"Based on the current operational status and the patterns from the historical examples, here is the recommended action plan:

### **Pricing Action:**
- **Increase the electricity price during peak hours** to $0.309/kWh. This aligns with the historical pattern of raising prices by approximately 56% (from $0.195 to $0.309) during peak demand periods to reduce overall demand by ~25%, which helps alleviate grid stress.

### **Demand Response Action:**
- **Notify users of the increased peak pricing via the app** to encourage users to charge during off-peak",0.38532110091743116,0.1869158878504673,0.36697247706422015
2023-11-01,Raise price to $0.160/kWh from 4–7pm | Open overflow parking lot for temporary charging setup | Send queue time estimate to waiting users via app,"Based on the current operational status and the patterns from the historical examples, the following recommendations are made:

### **Pricing Action:**
- **Raise the electricity price** to **$0.163/kWh** during peak hours (4–7 pm).  
  **Reasoning:** The historical examples show that when grid stress is high and peak demand is significant (e.g., 117.9 kWh), raising the price during peak hours helps manage demand and ensures grid stability. The current price of $0.133/kWh is below the historical increases, so raising it to $0.16",0.14285714285714285,0.03636363636363636,0.12500000000000003
2023-11-02,Increase price to $0.272/kWh during peak hours (reduce demand by ~25%) | Activate demand response: notify users of peak pricing via app | Open overflow parking lot for temporary charging setup | Send queue time estimate to waiting users via app,"Based on the current operational status and the patterns from the historical examples, here is the recommended action plan:

### **Pricing Action:**
- **Increase the electricity price during peak hours** to $0.288/kWh. This aligns with the historical pattern of raising prices during critical grid conditions to reduce demand by approximately 25%, as seen in Example 1. Given the current grid stress level is ""critical,"" this action will help manage demand and support grid stability.

### **Scheduling Action:**
- **Notify users of the increased peak pricing via the app** to ensure they are aware of the change and",0.31111111111111106,0.13533834586466165,0.28148148148148144
2023-11-03,Increase price to $0.353/kWh during peak hours (reduce demand by ~25%) | Activate demand response: notify users of peak pricing via app,"Based on the current operational status and the patterns from the historical examples, the following pricing and scheduling actions are recommended:

### **Pricing Action:**
- **Increase the electricity price during peak hours to $0.344/kWh** (as seen in Examples 1 and 3). This price increase is expected to reduce demand by approximately 25%, helping to alleviate grid stress and optimize revenue.

### **Demand Response Action:**
- **Activate demand response by notifying users of the peak pricing via the app** (as seen in Examples 1, 2, and 3). This will encourage users to charge during",0.38596491228070173,0.19642857142857142,0.33333333333333337
2023-11-04,Maintain current pricing; no intervention needed,"Based on the current operational status and the historical patterns from the examples, the following recommendation is provided:

**Pricing Recommendation:**  
Maintain the current electricity price of **$0.113/kWh**. The historical examples show that when the grid is moderate, peak demand is low, and there are no special events, maintaining current pricing is the standard decision. The current price aligns with the moderate grid stress level and the low expected peak demand of 85.9 kWh.

**Scheduling Recommendation:**  
No significant scheduling intervention is needed. The current queue length is minimal (1 vehicle), and the grid is under",0.11650485436893204,0.039603960396039604,0.11650485436893204
2023-11-05,Maintain current pricing; no intervention needed,"Based on the current operational status and the historical patterns from the examples, the following recommendation is provided:

**Pricing Recommendation:**  
Maintain the current electricity price of **$0.132/kWh**. The historical examples show that when the grid is moderate, the price is stable, and no intervention is needed, especially when the queue is low (1 vehicle) and there are no special events. The current price aligns with the previous trends, and there is no indication of a need to adjust pricing for grid stability or user satisfaction.

**Scheduling Recommendation:**  
Continue with the current scheduling strategy. The moderate grid stress",0.1142857142857143,0.03883495145631067,0.1142857142857143
2023-11-06,Increase price to $0.298/kWh during peak hours (reduce demand by ~25%) | Activate demand response: notify users of peak pricing via app | Open overflow parking lot for temporary charging setup | Send queue time estimate to waiting users via app,"Based on the current operational status and the patterns from the historical examples, the following pricing and scheduling actions are recommended:

### **Pricing Action:**
- **Increase the electricity price during peak hours** to **$0.308/kWh** (similar to the $0.308/kWh increase in Example 3). This price increase is expected to reduce demand by approximately 25%, helping to alleviate grid stress while maintaining revenue.

### **Demand Response Action:**
- **Activate demand response** by **notifying users of peak pricing via the app**. This will encourage users to charge during off-peak",0.39370078740157477,0.192,0.31496062992125984
2023-11-07,Raise price to $0.182/kWh from 4–7pm,"Based on the current operational status and the patterns from the historical examples, the following recommendations are made:

### **Pricing Action:**
- **Raise the price** to **$0.182/kWh** during peak hours (4–7 pm).  
  **Reasoning:** The current electricity price is $0.152/kWh, and historical examples show that when grid stress is high and peak demand is significant, increasing the price during peak hours helps manage demand and stabilize the grid. The current peak demand is 117.4 kWh, which is close to the peak levels in previous examples, and",0.16326530612244897,0.08333333333333334,0.14285714285714285
2023-11-08,Increase price to $0.265/kWh during peak hours (reduce demand by ~25%) | Activate demand response: notify users of peak pricing via app | Open overflow parking lot for temporary charging setup | Send queue time estimate to waiting users via app,"Based on the current operational status and the patterns from the historical examples, the following pricing and scheduling actions are recommended:

### **Pricing Actions:**
- **Increase the electricity price during peak hours** to $0.239/kWh from 4–7pm. This aligns with the historical pattern of raising prices during peak times to reduce demand, especially given the critical grid stress level. The increase is designed to reduce demand by approximately 25%, as seen in Example 2, which helped manage grid stress and optimize revenue.

### **Scheduling Actions:**
- **Activate demand response** by notifying users of the",0.33333333333333337,0.13846153846153847,0.25757575757575757
2023-11-09,Raise price to $0.172/kWh from 4–7pm | Open overflow parking lot for temporary charging setup | Send queue time estimate to waiting users via app,"Based on the current operational status and the patterns from the historical examples, the following recommendations are made:

### **Pricing Action:**
- **Raise the price** to **$0.163/kWh** during peak hours (4–7 pm).  
  **Reasoning:** The current electricity price is $0.143/kWh, and the grid is under high stress. Historical examples show that when the grid is high and peak demand is significant (e.g., 119.2 kWh), raising the price during peak hours helps manage demand and ensures grid stability. This aligns with the strategy used",0.12389380530973451,0.036036036036036036,0.10619469026548674
2023-11-10,Increase price to $0.361/kWh during peak hours (reduce demand by ~25%) | Activate demand response: notify users of peak pricing via app,"Based on the current operational status and the patterns from the historical examples, the following pricing and scheduling actions are recommended:

### **Pricing Actions:**
- **Increase the electricity price during peak hours** to $0.348/kWh. This aligns with the historical pattern of raising prices by approximately $0.10–$0.11/kWh during peak times to reduce demand by ~25%, which helps manage grid stress and optimize revenue.
- **Notify users of the peak pricing** via the app to encourage users to charge during off-peak hours, thereby reducing strain on the grid and improving user satisfaction",0.3247863247863248,0.19130434782608696,0.3076923076923077
2023-11-11,Increase price to $0.186/kWh during peak hours (reduce demand by ~25%) | Activate demand response: notify users of peak pricing via app | Pre-position mobile charging unit near stadium by 10am,"Based on the current operational status and the patterns from the historical examples, here is the recommended pricing and scheduling action for today (2023-11-11):

### **Pricing Recommendation:**
- **Increase the electricity price during peak hours** to $0.267/kWh (a 100% increase from the current $0.133/kWh). This aligns with the historical pattern of raising prices during critical grid conditions to reduce demand by ~25%, as seen in Examples 1 and 3.
- **Maintain the regular price** outside of peak hours to balance",0.2608695652173913,0.12389380530973451,0.208695652173913
2023-11-12,Maintain current pricing; no intervention needed,"Based on the current operational status and the patterns from the historical examples, here is the recommended action:

**Pricing Action:**  
Raise the price to **$0.145/kWh** during peak hours (4–7pm). This aligns with the historical pattern of increasing prices during peak demand periods to manage grid stress and optimize revenue, especially when the grid is under moderate stress and there is no special event.

**Scheduling Action:**  
No additional scheduling actions are required, as the current queue length is 0 and there are no special events. However, given the moderate grid stress, it may be prudent to monitor",0.05714285714285715,0.0,0.05714285714285715
2023-11-13,Raise price to $0.167/kWh from 4–7pm | Open overflow parking lot for temporary charging setup | Send queue time estimate to waiting users via app,"Based on the current operational status and the patterns from the historical examples, here is the recommended action plan:

### **Pricing Action:**
- **Raise the electricity price** to **$0.175/kWh** during peak hours (4–7 pm).  
  This aligns with the historical pattern of increasing prices during high grid stress and peak demand periods to reduce demand and stabilize the grid, while also optimizing revenue.

### **Scheduling Action:**
- **Implement dynamic pricing** during peak hours (4–7 pm) to encourage users to charge during off-peak times.  
  This helps manage demand and",0.19298245614035087,0.03571428571428571,0.14035087719298245
2023-11-14,Increase price to $0.272/kWh during peak hours (reduce demand by ~25%) | Activate demand response: notify users of peak pricing via app | Open overflow parking lot for temporary charging setup | Send queue time estimate to waiting users via app,"Based on the current operational status and the patterns from the historical examples, the following pricing and scheduling actions are recommended:

### **Pricing Actions:**
- **Increase the electricity price during peak hours** to $0.288/kWh (similar to Example 3, where a price increase of $0.094/kWh led to a 25% reduction in demand). This aligns with the critical grid stress level and the high peak demand, aiming to reduce strain on the grid while optimizing revenue.

### **Scheduling Actions:**
- **Implement a time-based pricing strategy** during peak hours (e.g",0.2635658914728682,0.047244094488188976,0.13953488372093023
2023-11-15,Raise price to $0.198/kWh from 4–7pm,"Based on the current operational status and the patterns from the historical examples, here is the recommended action plan:

### **Pricing Action:**
- **Raise the price during peak hours** to $0.190/kWh from 4–7pm.  
  This aligns with the historical pattern of increasing prices during peak demand periods (e.g., Example 1 and 3) to reduce strain on the grid and manage demand. The current grid stress level is ""high,"" and the expected peak demand is 116.1 kWh, which is consistent with previous high-stress days.

### **Scheduling Action",0.16494845360824742,0.08421052631578949,0.16494845360824742
2023-11-16,Raise price to $0.157/kWh from 4–7pm,"Based on the current operational status and the patterns from the historical examples, here is the recommended action plan:

### **Pricing Action:**
- **Raise the electricity price** during peak hours (4–7 pm) to **$0.163/kWh**.  
  This aligns with the historical pattern of increasing prices during peak demand periods to reduce strain on the grid and manage demand. The current grid stress level is ""high,"" and the expected peak demand is 119.1 kWh, which is relatively high. Raising the price during this time will help reduce demand and support grid stability.

### **",0.13999999999999999,0.020408163265306124,0.1
2023-11-17,Increase price to $0.315/kWh during peak hours (reduce demand by ~25%) | Activate demand response: notify users of peak pricing via app | Open overflow parking lot for temporary charging setup | Send queue time estimate to waiting users via app,"Based on the current operational status and the patterns from the historical examples, the following pricing and scheduling actions are recommended:

### **Pricing Action:**
- **Increase the electricity price during peak hours** to **$0.301/kWh** (a 34% increase from the current $0.225/kWh). This aligns with the historical pattern of increasing prices by approximately 34-35% during peak hours to reduce demand by ~25%, which helps alleviate grid stress.

### **Scheduling Actions:**
- **Activate demand response** by notifying users of the increased peak pricing via",0.3577235772357724,0.21487603305785125,0.34146341463414637
2023-11-18,Increase price to $0.181/kWh during peak hours (reduce demand by ~25%) | Activate demand response: notify users of peak pricing via app | Open overflow parking lot for temporary charging setup | Send queue time estimate to waiting users via app | Pre-position mobile charging unit near stadium by 10am,"Based on the current operational status and the patterns from the historical examples, here is the recommended action plan:

### **Pricing Action:**
- **Increase the electricity price during peak hours** to $0.182/kWh. This aligns with the historical pattern of raising prices during peak times (e.g., $0.182/kWh in Example 1) to reduce demand and manage grid stress. The current grid stress level is ""critical,"" so this price increase is necessary to prevent overloading the grid and to optimize revenue.

### **Scheduling Action:**
- **Pre-position a mobile charging unit near",0.302158273381295,0.11678832116788322,0.2446043165467626
2023-11-19,Maintain current pricing; no intervention needed,"Based on the current operational status and the historical patterns from the examples, the following recommendation is provided:

**Pricing Recommendation:**  
Maintain the current electricity price of **$0.126/kWh**. The historical examples show that when the grid is moderate, peak demand is low to moderate, and there are no special events, maintaining current pricing is the standard decision. The current price aligns with the previous pricing trends, and there is no indication of a need for adjustment based on grid stress or demand levels.

**Scheduling Recommendation:**  
No immediate intervention is needed. The current queue length is 2 vehicles, which",0.1142857142857143,0.03883495145631067,0.1142857142857143
2023-11-20,Raise price to $0.194/kWh from 4–7pm,"Based on the current operational status and the patterns from the historical examples, here is the recommended action:

**Pricing Action:** Raise the price to **$0.185/kWh** from **4–7pm**.  
**Scheduling Action:** No additional scheduling changes are needed, as the current queue length is low (3 vehicles) and the grid stress level remains high, indicating the need for price adjustments during peak demand periods.

### Rationale:
- **Grid Stress Level:** High, which aligns with the historical examples where grid stress was a key factor in raising prices.
- **Peak Demand:** 11",0.16494845360824742,0.12631578947368421,0.16494845360824742
2023-11-21,Increase price to $0.273/kWh during peak hours (reduce demand by ~25%) | Activate demand response: notify users of peak pricing via app,"Based on the current operational status and the patterns from the historical examples, the following recommendations are made:

### **Pricing Action:**
- **Increase the electricity price during peak hours** to **$0.288/kWh** (a 49.7% increase from the current $0.195/kWh). This aligns with the historical pattern of increasing prices by approximately 49.7% during peak hours to reduce demand by ~25%, which has been effective in managing grid stress.

### **Scheduling Action:**
- **Activate demand response** by notifying users of the increased peak pricing",0.3773584905660377,0.23076923076923073,0.3773584905660377
2023-11-22,Increase price to $0.288/kWh during peak hours (reduce demand by ~25%) | Activate demand response: notify users of peak pricing via app,"Based on the current operational status and the patterns from the historical examples, the following pricing and scheduling actions are recommended:

### **Pricing Action:**
- **Increase the electricity price during peak hours** to **$0.306/kWh** (a 49% increase from the current $0.206/kWh). This increase is consistent with the historical pattern of raising prices by ~25–49% during peak demand to reduce overall demand and alleviate grid stress. The goal is to reduce demand by approximately 25%, as seen in previous examples, while still maintaining user satisfaction by keeping the price",0.2982456140350877,0.10714285714285715,0.22807017543859645
2023-11-23,Raise price to $0.193/kWh from 4–7pm | Open overflow parking lot for temporary charging setup | Send queue time estimate to waiting users via app,"Based on the current operational status and the patterns from the historical examples, here is the recommended action plan:

### **Pricing Action:**
- **Raise the electricity price** during peak hours (4–7 pm) to **$0.194/kWh**.  
  This aligns with the historical pattern of increasing prices during high grid stress and peak demand to reduce demand and stabilize the grid, while also optimizing revenue.

### **Scheduling Actions:**
- **Send queue time estimates** to waiting users via the app to manage expectations and improve user satisfaction.
- **Open the overflow parking lot** for temporary charging setup",0.4137931034482759,0.24561403508771934,0.24137931034482757
2023-11-24,Increase price to $0.309/kWh during peak hours (reduce demand by ~25%) | Activate demand response: notify users of peak pricing via app,"Based on the current operational status and the patterns from the historical examples, the following pricing and scheduling actions are recommended:

### **Pricing Action:**
- **Increase the electricity price during peak hours** to **$0.288/kWh** (a 30% increase from the current $0.221/kWh). This aligns with the historical pattern of increasing prices by ~25–30% during peak demand to reduce overall demand and alleviate grid stress. The increase is designed to encourage users to charge during off-peak times or to prioritize charging for those who need it most.

### **Demand",0.3008849557522124,0.09009009009009009,0.19469026548672566
2023-11-25,Maintain current pricing; no intervention needed,"Based on the current operational status and the historical patterns from the examples, the following recommendation is provided:

**Pricing Recommendation:**  
Maintain the current electricity price of **$0.117/kWh**. The historical examples show that when grid stress is moderate, peak demand is low, and there are no special events, maintaining current pricing is the standard decision. The current price is in line with the previous examples, and there is no indication of a need for adjustment based on grid stress or demand levels.

**Scheduling Recommendation:**  
No significant scheduling intervention is needed. The current queue length is low (1 vehicle), and",0.11320754716981131,0.038461538461538464,0.11320754716981131
2023-11-26,Maintain current pricing; no intervention needed,"Based on the current operational status and the patterns from the historical examples, here is the recommended action:

**Pricing Recommendation:** Maintain current pricing at $0.11/kWh.  
**Scheduling Recommendation:** No specific scheduling changes are needed, as there is no special event, the grid stress level is moderate, and the current price aligns with the historical trend of maintaining pricing when conditions are stable.

**Rationale:**  
- The current electricity price of $0.11/kWh is in line with the historical pricing decisions made during periods of moderate grid stress and no special events.  
- The forecasted total demand (",0.099009900990099,0.04040404040404041,0.099009900990099
2023-11-27,Raise price to $0.198/kWh from 4–7pm,"Based on the current operational status and the patterns from the historical examples, the following recommendations are made:

### **Pricing Action:**
- **Raise the price** to **$0.185/kWh** during peak hours (4–7 pm).  
  **Reasoning:** The historical examples show a consistent pattern of increasing prices during peak demand periods (4–7 pm) when grid stress is high. The current forecasted peak demand is 118.6 kWh, which is close to the historical peaks (115.2–119.5 kWh), and the grid is under stress.",0.15217391304347824,0.04444444444444444,0.13043478260869565
2023-11-28,Raise price to $0.203/kWh from 4–7pm | Open overflow parking lot for temporary charging setup | Send queue time estimate to waiting users via app,"Based on the current operational status and the patterns from the historical examples, the following pricing and scheduling actions are recommended:

### **Pricing Actions:**
- **Increase the electricity price during peak hours (4–7 pm)** to $0.178/kWh. This aligns with the historical pattern of raising prices during peak times to reduce demand and manage grid stress. The increase from $0.169/kWh to $0.178/kWh is a small but effective adjustment to encourage users to charge during off-peak hours.

### **Scheduling Actions:**
- **Notify users of the peak pricing",0.19130434782608693,0.035398230088495575,0.12173913043478259
2023-11-29,Increase price to $0.316/kWh during peak hours (reduce demand by ~25%) | Activate demand response: notify users of peak pricing via app | Open overflow parking lot for temporary charging setup | Send queue time estimate to waiting users via app,"Based on the current operational status and the patterns from the historical examples, here is the recommended action plan:

### **Pricing Action:**
- **Increase the electricity price during peak hours** to $0.342/kWh (as seen in Example 1 and 3). This will help reduce demand by approximately 25%, which is critical given the grid stress level is ""critical."" The current price is $0.226/kWh, and raising it to $0.342/kWh during peak hours will incentivize users to charge during off-peak times, improving grid stability.

### **Demand",0.2992125984251969,0.096,0.1889763779527559
2023-11-30,Raise price to $0.176/kWh from 4–7pm,"Based on the current operational status and the patterns from the historical examples, here is the recommended action plan:

### **Pricing Action:**
- **Raise the electricity price** to **$0.185/kWh** during peak hours (4–7 pm).  
  This aligns with the historical pattern of increasing prices during high grid stress and peak demand periods to reduce demand and stabilize the grid, while also optimizing revenue.

### **Scheduling Action:**
- **Implement dynamic pricing** during the peak period (4–7 pm) to encourage users to charge during off-peak times.  
  This helps manage demand",0.14432989690721648,0.04210526315789474,0.12371134020618554
2023-12-01,Raise price to $0.176/kWh from 4–7pm,"Based on the current operational status and the patterns from the historical examples, here is the recommended action:

**Pricing Action:** Raise the price to **$0.177/kWh** from **4–7pm**.  
**Scheduling Action:** Maintain the current schedule as no special event is occurring, and the queue is empty.  

### Rationale:
- **Grid Stress Level:** High, indicating that the grid is under strain, and demand is likely to be higher during peak hours. Raising the price during peak times helps manage demand and supports grid stability.
- **Historical Pattern:** In previous instances with high",0.16326530612244897,0.10416666666666666,0.16326530612244897
2023-12-02,Maintain current pricing; no intervention needed,"Based on the current operational status and the patterns from the historical examples, here is the recommended action:

**Pricing Recommendation:** Maintain the current pricing of $0.102/kWh.  
**Scheduling Recommendation:** No price increase or special scheduling is needed.

### Reasoning:
- **Grid Stress Level:** Low, which suggests that the grid is not under pressure, so there is no need to raise prices to manage demand.
- **Peak Demand:** 75.4 kWh, which is relatively low compared to the historical examples where peak demand was higher (e.g., 105.9 kWh and 1",0.10526315789473684,0.021505376344086023,0.10526315789473684
2023-12-03,Maintain current pricing; no intervention needed,"Based on the current operational status and the patterns from the historical examples, here is the recommended action:

**Pricing Action:** Maintain current pricing of $0.134/kWh.  
**Scheduling Action:** No price adjustment or scheduling intervention is needed.

### Reasoning:
- **Grid Stress Level:** Low, which suggests that the grid is not under pressure, so there is no need to adjust pricing to manage demand.
- **Peak Demand:** 76.9 kWh, which is relatively low, indicating that the demand is not at a high level that would justify a price increase.
- **Current Electricity Price:** $",0.125,0.0425531914893617,0.125
2023-12-04,Raise price to $0.161/kWh from 4–7pm,"Based on the current operational status and the historical patterns from the examples, the following recommendation is provided:

**Pricing Action:**  
Raise the electricity price to **$0.173/kWh** during the peak demand period (4–7pm). This aligns with the historical pattern of increasing prices during high grid stress periods, especially when the peak demand is above 100 kWh and the grid is under stress.

**Scheduling Action:**  
Encourage users to charge during off-peak hours (before 4pm or after 7pm) by offering incentives or promotions. This helps manage demand, supports grid stability",0.16,0.06122448979591837,0.13999999999999999
2023-12-05,Raise price to $0.173/kWh from 4–7pm,"Based on the current operational status and the patterns from the historical examples, here is the recommended action:

**Pricing Action:**  
Raise the price to **$0.175/kWh** during peak hours (4–7 pm). This aligns with the historical pattern of increasing prices during high grid stress periods to manage demand and ensure grid stability, while also optimizing revenue.

**Scheduling Action:**  
No additional scheduling actions are required since the current queue length is 0 and there are no special events. However, given the high grid stress level and the forecasted peak demand, it is advisable to monitor the situation closely and",0.12844036697247707,0.037383177570093455,0.11009174311926605
2023-12-06,Raise price to $0.169/kWh from 4–7pm,"Based on the current operational status and the historical patterns from the examples, the following recommendation is provided:

### **Pricing Recommendation:**
- **Raise the electricity price** to **$0.164/kWh** during the peak hours (4–7 pm).  
  This aligns with the historical pattern of increasing prices during high grid stress periods, especially when the grid is under high stress and the peak demand is significant (106.0 kWh). The price increase is also consistent with the previous examples where prices were raised by approximately 17–20% during peak times.

### **Scheduling Recommendation:",0.14285714285714285,0.04166666666666667,0.12244897959183673
2023-12-07,Raise price to $0.170/kWh from 4–7pm,"Based on the current operational status and the historical patterns from the examples, the following recommendation is provided:

**Pricing Action:**  
Raise the electricity price to **$0.170/kWh** during the peak demand period (4–7pm). This aligns with the historical pattern of increasing prices during high grid stress periods, especially when the peak demand is above 100 kWh and the grid is under stress.

**Scheduling Action:**  
Encourage users to charge during off-peak hours (before 4pm and after 7pm) by offering incentives or promotions. This helps manage demand, supports grid stability",0.17999999999999997,0.10204081632653061,0.16
2023-12-08,Raise price to $0.167/kWh from 4–7pm,"Based on the current operational status and the patterns from the historical examples, here is the recommended action:

**Pricing Action:**  
Raise the price to **$0.169/kWh** from **4–7pm**. This aligns with the historical pattern of increasing prices during peak demand periods when the grid is under stress, as seen in Examples 1, 2, and 3. The current grid stress level is ""high,"" and the expected peak demand is 108.4 kWh, which is consistent with previous high-peak scenarios.

**Scheduling Action:**  
No additional scheduling changes are needed",0.16326530612244897,0.10416666666666666,0.16326530612244897
2023-12-09,Maintain current pricing; no intervention needed,"Based on the current operational status and the patterns from the historical examples, here is the recommended action:

**Pricing Action:** Maintain current pricing of $0.107/kWh.  
**Scheduling Action:** No time-based price adjustment is necessary, as the grid stress level is low, the peak demand is moderate (77.6 kWh), and there is only a single vehicle in the queue.  

**Rationale:**  
- The grid stress level is ""low,"" which suggests that there is no immediate risk of overloading the grid, so no price increase is needed to manage demand.  
- The current electricity price",0.10101010101010101,0.041237113402061855,0.10101010101010101
2023-12-10,Maintain current pricing; no intervention needed,"Based on the current operational status and the historical patterns from the examples, the following recommendation is provided:

**Pricing Recommendation:**  
Maintain the current electricity price of **$0.117/kWh**. The historical examples show that when grid stress is moderate, queue length is low, and there are no special events, maintaining current pricing is the standard decision. The current price is in line with the previous examples, and there is no indication of a need for adjustment based on grid stress or demand patterns.

**Scheduling Recommendation:**  
No immediate scheduling intervention is needed. The current queue length is 0, and the grid",0.11320754716981131,0.038461538461538464,0.11320754716981131
2023-12-11,Raise price to $0.204/kWh from 4–7pm,"Based on the current operational status and the patterns from the historical examples, here is the recommended action plan:

### **Pricing Recommendation:**
- **Raise the price** to **$0.185/kWh** during peak hours (4–7 pm).  
  **Reasoning:** The historical examples show that when grid stress is high and peak demand is significant, increasing the price during peak hours helps manage demand and ensures grid stability. The current electricity price is already at $0.17/kWh, and raising it slightly to $0.185/kWh aligns with the pattern of increasing prices during peak",0.1414141414141414,0.041237113402061855,0.1212121212121212
2023-12-12,Raise price to $0.176/kWh from 4–7pm,"Based on the current operational status and the patterns from the historical examples, here is the recommended action:

**Pricing Action:**  
Raise the electricity price to **$0.175/kWh** during peak hours (4–7 pm). This aligns with the historical pattern of increasing prices during high grid stress periods to manage demand and ensure grid stability, while also optimizing revenue.

**Scheduling Action:**  
Open the overflow parking lot for temporary charging setup to accommodate the current queue of 2 vehicles and potential future demand. This helps manage the queue efficiently and improves user satisfaction by providing additional charging capacity.

**Additional Consideration:**",0.12962962962962962,0.037735849056603765,0.1111111111111111
2023-12-13,Raise price to $0.174/kWh from 4–7pm,"Based on the current operational status and the patterns from the historical examples, here is the recommended action:

**Pricing Action:** Raise the price to **$0.175/kWh** from **4–7pm**.  
**Scheduling Action:** Maintain the current pricing during off-peak hours and increase the rate during the peak period (4–7pm) to manage grid stress and optimize revenue.  

**Rationale:**  
- The grid is under high stress, and the peak demand is 106.4 kWh, which is similar to the historical examples where grid stress was high and pricing was increased during",0.16326530612244897,0.10416666666666666,0.16326530612244897
2023-12-14,Raise price to $0.188/kWh from 4–7pm,"Based on the current operational status and the patterns from the historical examples, here is the recommended action:

**Pricing Action:** Raise the price to **$0.192/kWh** from **4–7pm**.  
**Scheduling Action:** No additional scheduling changes are needed, as the current queue length is 0 and there is no special event.

### Rationale:
- **Grid Stress Level:** High, indicating that the grid is under strain, and increasing the price during peak hours helps reduce demand and supports grid stability.
- **Historical Pattern:** In previous instances with high grid stress, the decision was to",0.16161616161616163,0.10309278350515465,0.16161616161616163
2023-12-15,Raise price to $0.167/kWh from 4–7pm,"Based on the current operational status and the patterns from the historical examples, here is the recommended action:

**Pricing Action:** Raise the price to **$0.163/kWh** from **4–7 pm**.  
**Scheduling Action:** No additional scheduling changes are needed, as the peak demand is moderate and the grid stress level is high, which aligns with the pattern of increasing prices during peak times to manage demand and ensure grid stability.

**Rationale:**  
- The current electricity price is $0.139/kWh, which is slightly above the base price seen in previous examples, but the",0.13861386138613863,0.08080808080808081,0.13861386138613863
2023-12-16,Maintain current pricing; no intervention needed,"Based on the current operational status and the historical patterns from the examples, the following recommendation is provided:

**Pricing Recommendation:**  
Maintain the current electricity price of **$0.125/kWh**. The historical examples show that when grid stress is moderate, and there are no special events, maintaining current pricing is the standard decision. The current price is slightly higher than the previous examples, but since the grid is still moderate and there is no event, no adjustment is necessary.

**Scheduling Recommendation:**  
No immediate scheduling intervention is needed. The current queue length is 0, and the grid is under moderate stress.",0.1142857142857143,0.03883495145631067,0.1142857142857143
2023-12-17,Maintain current pricing; no intervention needed,"Based on the current operational status and the patterns from the historical examples, here is the recommended action:

**Pricing Action:** Maintain current pricing of $0.12/kWh. Since the grid stress level is moderate, there is no immediate need to adjust prices. The current price is already aligned with typical moderate grid conditions, and the forecasted demand is lower than previous high-demand days, suggesting that maintaining the current rate is appropriate for revenue optimization and user satisfaction.

**Scheduling Action:** No additional scheduling actions are needed. The current queue length is 0, and there are no special events. With the grid stress level being moderate",0.09009009009009009,0.03669724770642202,0.09009009009009009
2023-12-18,Raise price to $0.161/kWh from 4–7pm,"Based on the current operational status and the patterns from the historical examples, here is the recommended action:

**Pricing Action:** Raise the price to **$0.158/kWh** from **4–7pm**.  
**Scheduling Action:** No additional scheduling changes are needed, as the current queue length is 0 and there are no special events.

### Rationale:
- **Grid Stress Level:** High, which aligns with the historical examples where grid stress was a key factor in raising prices.
- **Demand and Peak:** The forecasted total demand and expected peak are similar to the historical examples, suggesting that",0.16161616161616163,0.12371134020618557,0.16161616161616163
2023-12-19,Raise price to $0.176/kWh from 4–7pm | Open overflow parking lot for temporary charging setup | Send queue time estimate to waiting users via app,"Based on the current operational status and the patterns from the historical examples, the following recommendations are made:

### **Pricing Action:**
- **Raise the price** to **$0.175/kWh** during peak hours (4–7pm).  
  **Reasoning:** The historical examples show a consistent pattern of increasing prices during peak demand periods (4–7pm) when grid stress is high and queue lengths are significant. The current forecasted peak demand (115.5 kWh) and grid stress level (high) align with the conditions in the examples, making a price increase a logical response to manage",0.17543859649122806,0.05357142857142857,0.15789473684210525
2023-12-20,Raise price to $0.198/kWh from 4–7pm,"Based on the current operational status and the patterns from the historical examples, here is the recommended action plan:

### **Pricing Action:**
- **Raise the price** to **$0.198/kWh** during peak hours (4–7pm).  
  This aligns with the historical pattern of increasing prices during peak times to reduce demand and manage grid stress, especially given the high grid stress level and expected peak demand of 106.2 kWh.

### **Scheduling Action:**
- **Open the overflow parking lot for temporary charging setup**.  
  This has been a common response in previous high",0.1875,0.10638297872340426,0.16666666666666666
2023-12-21,Raise price to $0.202/kWh from 4–7pm,"Based on the current operational status and the patterns from the historical examples, here is the recommended action plan:

### **Pricing Recommendation:**
- **Raise the electricity price** to **$0.202/kWh** during peak hours (4–7 pm).  
  This aligns with the historical pattern of increasing prices during high grid stress periods to manage demand and ensure grid stability, while also optimizing revenue.

### **Scheduling and Operational Actions:**
- **No overflow parking lot setup** is needed since the current queue length is 0, and there is no special event.
- **No queue time estimate** is",0.16326530612244897,0.08333333333333334,0.14285714285714285
2023-12-22,Raise price to $0.179/kWh from 4–7pm,"Based on the current operational status and the patterns from the historical examples, here is the recommended action plan:

### **Pricing Recommendation:**
- **Raise the price** to **$0.179/kWh** during peak hours (4–7 pm).  
  This aligns with the historical pattern of increasing prices during peak demand periods (4–7 pm) when grid stress is high, and it helps manage demand to prevent overloading the grid while maximizing revenue.

### **Scheduling Recommendation:**
- **Open the overflow parking lot** for temporary charging setup.  
  This is consistent with past decisions to manage high",0.16494845360824742,0.08421052631578949,0.14432989690721648
2023-12-23,Maintain current pricing; no intervention needed,"Based on the current operational status and the patterns from the historical examples, here is the recommended pricing and scheduling action for today (2023-12-23):

### **Operational Recommendation:**
- **Pricing Action:** Maintain current pricing of **$0.101/kWh**.
- **Scheduling Action:** No specific time-based pricing adjustment is recommended.

---

### **Rationale:**

1. **Grid Stress Level:** The grid is currently at a **low** stress level, which aligns with **Example 2**, where a low grid stress level resulted in no intervention. This suggests that",0.11764705882352942,0.07228915662650603,0.11764705882352942
2023-12-24,Maintain current pricing; no intervention needed,"Based on the current operational status and the patterns from the historical examples, here is the recommended action:

**Pricing:** Maintain current pricing of $0.123/kWh.  
**Scheduling Actions:** No additional scheduling actions are needed.

### Reasoning:
- **Grid Stress Level:** Moderate, which aligns with the scenarios in Examples 2 and 3 where no intervention was required.
- **Demand and Peak:** The forecasted total demand (1196.7 kWh) and expected peak (82.5 kWh) are within normal ranges, and there is no indication of overloading the grid.
-",0.1348314606741573,0.06896551724137931,0.11235955056179775
2023-12-25,Maintain current pricing; no intervention needed,"Based on the current operational status and the patterns from the historical examples, here is the recommended action:

**Pricing Recommendation:** Maintain current pricing.  
**Scheduling Recommendation:** No intervention needed.

### Reasoning:

1. **Grid Stress Level:** The grid is currently at a ""low"" stress level, which suggests that there is no immediate need to adjust pricing or scheduling to manage demand.

2. **Special Event:** Today is a holiday, which is similar to the first example (2023-07-04). On holidays, the historical data shows that no intervention was needed, and pricing was maintained.

3",0.12371134020618557,0.08421052631578947,0.12371134020618557
2023-12-26,Raise price to $0.167/kWh from 4–7pm,"Based on the current operational status and the patterns from the historical examples, here is the recommended action:

**Pricing Action:** Raise the price to **$0.172/kWh** from **4–7pm**.  
**Scheduling Action:** Maintain the current pricing structure during off-peak hours and increase the rate during the peak period (4–7pm) to manage grid stress and optimize revenue.

### Rationale:
- **Grid Stress Level:** High, indicating the need to manage demand to prevent overloading the grid.
- **Peak Demand:** 107.9 kWh, which is close to the",0.17204301075268819,0.10989010989010989,0.17204301075268819
2023-12-27,Raise price to $0.202/kWh from 4–7pm | Open overflow parking lot for temporary charging setup | Send queue time estimate to waiting users via app,"Based on the current operational status and the patterns from the historical examples, the following recommendations are made for today (2023-12-27):

### **Pricing Action:**
- **Raise the price** to **$0.175/kWh** during peak hours (4–7 pm).  
  **Reasoning:** The historical examples show that when grid stress is high and peak demand is significant (as in this case, with a peak of 111.1 kWh), increasing the price during peak hours helps manage demand and ensures grid stability. The current electricity price is $0.1",0.14414414414414414,0.03669724770642202,0.1081081081081081
2023-12-28,Raise price to $0.187/kWh from 4–7pm,"Based on the current operational status and the patterns from the historical examples, the following recommendations are made:

### **Pricing Action:**
- **Raise the electricity price** to **$0.172/kWh** during the peak period (4–7pm).  
  This aligns with the historical pattern of increasing prices during high grid stress and peak demand periods, which helps manage demand and ensures grid stability.

### **Scheduling Action:**
- **Implement a time-of-use pricing strategy** to encourage off-peak charging.  
  While the current peak is 4–7pm, consider offering lower rates during off",0.16842105263157894,0.06451612903225806,0.1473684210526316
2023-12-29,Raise price to $0.185/kWh from 4–7pm,"Based on the current operational status and the historical patterns from the examples, the following recommendation is provided:

**Pricing Action:**  
Raise the electricity price to **$0.184/kWh** during the peak hours (4–7 pm). This aligns with the historical pattern of increasing prices during high grid stress periods, especially when the peak demand is above 100 kWh and the grid is under stress.

**Scheduling Action:**  
Encourage users to charge during off-peak hours (before 4 pm and after 7 pm) by offering incentives or promotions. This helps balance the grid load and improves user",0.1346153846153846,0.0392156862745098,0.11538461538461539
2023-12-30,Maintain current pricing; no intervention needed,"Based on the current operational status and the patterns from the historical examples, here is the recommended pricing and scheduling action for today (2023-12-30):

### **Operational Recommendation:**
- **Pricing:** Maintain current pricing of **$0.122/kWh**.
- **Scheduling:** No price adjustments or scheduling interventions are necessary.

---

### **Rationale:**

1. **Grid Stress Level:** The grid is currently under **low stress**, which suggests that there is no immediate need to adjust pricing to manage demand or prevent overloading the grid.

2. **Demand and Peak Levels",0.13793103448275862,0.04705882352941177,0.13793103448275862
2023-12-31,Maintain current pricing; no intervention needed,"Based on the current operational status and the historical patterns from the examples, the following recommendation is provided:

**Pricing Recommendation:**  
Maintain the current electricity price of **$0.138/kWh**. The historical examples show that when grid conditions are moderate and there are no special events, maintaining current pricing is the standard decision. The current grid stress level is also moderate, and the price is slightly higher than the previous examples, but there is no indication of a need to adjust pricing for grid stability or user satisfaction.

**Scheduling Recommendation:**  
Continue with **no intervention** in scheduling. The current queue length is",0.11320754716981131,0.057692307692307696,0.09433962264150944
