date,ground_truth_demand_kwh,event_type,pred_text,pred_kwh,abs_error
2023-08-18,1564.26,none,Predicted demand: 1577.9 kWh. Based on the 7-day average of 1929.0 kWh and contextual factors including none conditions.,1577.9,13.6400000000001
2023-02-19,1534.76,none,Predicted demand: 1557.9 kWh. Based on the 7-day average of 1432.9 kWh and contextual factors including none conditions.,1557.9,23.1400000000001
2023-10-26,1755.71,none,Predicted demand: 1754.5 kWh. Based on the 7-day average of 1629.3 kWh and contextual factors including none conditions.,1754.5,1.2100000000000364
2023-11-04,1337.83,none,Predicted demand: 1317.5 kWh. Based on the 7-day average of 1699.0 kWh and contextual factors including none conditions.,1317.5,20.329999999999927
2023-03-05,1789.72,none,Predicted demand: 1574.5 kWh. Based on the 7-day average of 1549.5 kWh and contextual factors including none conditions.,1574.5,215.22000000000003
2023-12-09,1190.99,none,Predicted demand: 1157.5 kWh. Based on the 7-day average of 1432.9 kWh and contextual factors including none conditions.,1157.5,33.49000000000001
2023-01-23,1584.64,none,Predicted demand: 1558.5 kWh. Based on the 7-day average of 1398.0 kWh and contextual factors including none conditions.,1558.5,26.1400000000001
2023-03-06,1745.53,none,Predicted demand: 1754.5 kWh. Based on the 7-day average of 1559.3 kWh and contextual factors including none conditions.,1754.5,8.970000000000027
2023-09-10,1780.06,none,Predicted demand: 1757.5 kWh. Based on the 7-day average of 1694.0 kWh and contextual factors including none conditions.,1757.5,22.559999999999945
2023-05-12,1310.81,none,Predicted demand: 1554.5 kWh. Based on the 7-day average of 1659.0 kWh and contextual factors including none conditions.,1554.5,243.69000000000005
2023-03-31,1296.13,none,Predicted demand: 1337.9 kWh. Based on the 7-day average of 1629.3 kWh and contextual factors including none conditions.,1337.9,41.76999999999998
2023-12-12,1532.94,none,Predicted demand: 1554.5 kWh. Based on the 7-day average of 1439.9 kWh and contextual factors including none conditions.,1554.5,21.559999999999945
2023-08-04,1552.77,none,Predicted demand: 1554.5 kWh. Based on the 7-day average of 1934.5 kWh and contextual factors including none conditions.,1554.5,1.7300000000000182
2023-10-09,1774.65,none,Predicted demand: 1757.5 kWh. Based on the 7-day average of 1641.3 kWh and contextual factors including none conditions.,1757.5,17.15000000000009
2023-05-07,1782.55,none,Predicted demand: 1754.5 kWh. Based on the 7-day average of 1643.5 kWh and contextual factors including none conditions.,1754.5,28.049999999999955
2023-05-14,1731.97,none,Predicted demand: 1754.5 kWh. Based on the 7-day average of 1639.5 kWh and contextual factors including none conditions.,1754.5,22.529999999999973
2023-10-29,1795.87,none,Predicted demand: 1759.9 kWh. Based on the 7-day average of 1698.9 kWh and contextual factors including none conditions.,1759.9,35.9699999999998
2023-10-27,1716.96,none,Predicted demand: 1318.5 kWh. Based on the 7-day average of 1629.3 kWh and contextual factors including none conditions.,1318.5,398.46000000000004
2023-05-27,1356.88,none,Predicted demand: 1357.5 kWh. Based on the 7-day average of 1655.3 kWh and contextual factors including none conditions.,1357.5,0.6199999999998909
2023-12-27,1546.47,none,Predicted demand: 1557.5 kWh. Based on the 7-day average of 1394.5 kWh and contextual factors including none conditions.,1557.5,11.029999999999973
2023-05-28,1752.82,none,Predicted demand: 1777.5 kWh. Based on the 7-day average of 1659.3 kWh and contextual factors including none conditions.,1777.5,24.680000000000064
2023-08-16,2082.59,none,Predicted demand: 2064.9 kWh. Based on the 7-day average of 1941.3 kWh and contextual factors including none conditions.,2064.9,17.690000000000055
2023-09-05,1745.16,none,Predicted demand: 2067.5 kWh. Based on the 7-day average of 1839.5 kWh and contextual factors including none conditions.,2067.5,322.3399999999999
2023-02-10,1189.13,none,Predicted demand: 1154.0 kWh. Based on the 7-day average of 1439.0 kWh and contextual factors including none conditions.,1154.0,35.13000000000011
2023-07-09,2140.19,none,Predicted demand: 2067.9 kWh. Based on the 7-day average of 1839.9 kWh and contextual factors including none conditions.,2067.9,72.28999999999996
2023-08-14,2113.25,none,Predicted demand: 2067.5 kWh. Based on the 7-day average of 1941.3 kWh and contextual factors including none conditions.,2067.5,45.75
2023-06-04,2089.07,none,Predicted demand: 1754.5 kWh. Based on the 7-day average of 1734.1 kWh and contextual factors including none conditions.,1754.5,334.57000000000016
2023-11-26,1744.2,none,Predicted demand: 1777.5 kWh. Based on the 7-day average of 1639.3 kWh and contextual factors including none conditions.,1777.5,33.299999999999955
2023-02-02,1547.07,none,Predicted demand: 1554.5 kWh. Based on the 7-day average of 1437.0 kWh and contextual factors including none conditions.,1554.5,7.430000000000064
2023-03-22,1787.56,none,Predicted demand: 1777.9 kWh. Based on the 7-day average of 1647.5 kWh and contextual factors including none conditions.,1777.9,9.659999999999854
2023-09-30,1308.38,none,Predicted demand: 1317.9 kWh. Based on the 7-day average of 1699.0 kWh and contextual factors including none conditions.,1317.9,9.519999999999982
2023-01-17,1577.22,none,Predicted demand: 1554.5 kWh. Based on the 7-day average of 1384.0 kWh and contextual factors including none conditions.,1554.5,22.720000000000027
2023-12-18,1569.54,none,Predicted demand: 1554.5 kWh. Based on the 7-day average of 1451.5 kWh and contextual factors including none conditions.,1554.5,15.039999999999964
2023-06-05,2101.03,none,Predicted demand: 1758.5 kWh. Based on the 7-day average of 1825.0 kWh and contextual factors including none conditions.,1758.5,342.5300000000002
2023-05-01,1747.91,none,Predicted demand: 1754.5 kWh. Based on the 7-day average of 1638.9 kWh and contextual factors including none conditions.,1754.5,6.589999999999918
2023-02-16,1534.12,none,Predicted demand: 1554.5 kWh. Based on the 7-day average of 1446.9 kWh and contextual factors including none conditions.,1554.5,20.38000000000011
2023-01-30,1555.84,none,Predicted demand: 1554.5 kWh. Based on the 7-day average of 1454.3 kWh and contextual factors including none conditions.,1554.5,1.3399999999999181
2023-12-29,1131.0,none,Predicted demand: 1154.5 kWh. Based on the 7-day average of 1384.5 kWh and contextual factors including none conditions.,1154.5,23.5
2023-04-12,1759.49,none,Predicted demand: 1754.5 kWh. Based on the 7-day average of 1687.5 kWh and contextual factors including none conditions.,1754.5,4.990000000000009
2023-04-08,1312.88,psu_game,Predicted demand: 1354.8 kWh. Based on the 7-day average of 1639.3 kWh and contextual factors including psu game conditions.,1354.8,41.919999999999845
2023-12-05,1522.7,none,Predicted demand: 1754.5 kWh. Based on the 7-day average of 1539.5 kWh and contextual factors including none conditions.,1754.5,231.79999999999995
2023-02-07,1510.78,none,Predicted demand: 1555.9 kWh. Based on the 7-day average of 1439.3 kWh and contextual factors including none conditions.,1555.9,45.12000000000012
2023-11-07,1799.31,none,Predicted demand: 1758.5 kWh. Based on the 7-day average of 1639.5 kWh and contextual factors including none conditions.,1758.5,40.809999999999945
2023-04-26,1746.57,none,Predicted demand: 1754.5 kWh. Based on the 7-day average of 1634.0 kWh and contextual factors including none conditions.,1754.5,7.930000000000064
2023-06-14,2073.27,none,Predicted demand: 2067.9 kWh. Based on the 7-day average of 1929.3 kWh and contextual factors including none conditions.,2067.9,5.369999999999891
2023-08-25,1519.83,none,Predicted demand: 1557.9 kWh. Based on the 7-day average of 1939.5 kWh and contextual factors including none conditions.,1557.9,38.070000000000164
2023-03-04,1312.78,none,Predicted demand: 1154.5 kWh. Based on the 7-day average of 1594.9 kWh and contextual factors including none conditions.,1154.5,158.27999999999997
2023-01-13,1196.75,none,Predicted demand: 1177.8 kWh. Based on the 7-day average of 1429.3 kWh and contextual factors including none conditions.,1177.8,18.950000000000045
2023-02-22,1592.54,none,Predicted demand: 1554.5 kWh. Based on the 7-day average of 1429.5 kWh and contextual factors including none conditions.,1554.5,38.039999999999964
2023-08-20,2117.42,none,Predicted demand: 2077.9 kWh. Based on the 7-day average of 1939.0 kWh and contextual factors including none conditions.,2077.9,39.51999999999998
2023-10-12,1738.26,none,Predicted demand: 1777.9 kWh. Based on the 7-day average of 1649.9 kWh and contextual factors including none conditions.,1777.9,39.6400000000001
2023-08-30,2062.34,none,Predicted demand: 2067.9 kWh. Based on the 7-day average of 1926.1 kWh and contextual factors including none conditions.,2067.9,5.559999999999945
2023-10-22,1763.75,none,Predicted demand: 1758.5 kWh. Based on the 7-day average of 1649.3 kWh and contextual factors including none conditions.,1758.5,5.25
2023-03-27,1777.32,none,Predicted demand: 1754.5 kWh. Based on the 7-day average of 1646.0 kWh and contextual factors including none conditions.,1754.5,22.819999999999936
2023-12-20,1592.05,none,Predicted demand: 1554.5 kWh. Based on the 7-day average of 1453.5 kWh and contextual factors including none conditions.,1554.5,37.549999999999955
2023-07-12,2069.35,none,Predicted demand: 2078.5 kWh. Based on the 7-day average of 1939.9 kWh and contextual factors including none conditions.,2078.5,9.150000000000091
2023-01-11,1522.29,none,Predicted demand: 1554.5 kWh. Based on the 7-day average of 1439.3 kWh and contextual factors including none conditions.,1554.5,32.210000000000036
2023-05-04,1731.58,none,Predicted demand: 1754.5 kWh. Based on the 7-day average of 1629.5 kWh and contextual factors including none conditions.,1754.5,22.920000000000073
2023-03-25,1325.75,none,Predicted demand: 1357.5 kWh. Based on the 7-day average of 1634.5 kWh and contextual factors including none conditions.,1357.5,31.75
2023-09-13,1755.89,none,Predicted demand: 1754.8 kWh. Based on the 7-day average of 1698.9 kWh and contextual factors including none conditions.,1754.8,1.0900000000001455
2023-03-12,1778.93,none,Predicted demand: 1777.9 kWh. Based on the 7-day average of 1633.5 kWh and contextual factors including none conditions.,1777.9,1.0299999999999727
2023-02-23,1568.09,none,Predicted demand: 1557.5 kWh. Based on the 7-day average of 1429.3 kWh and contextual factors including none conditions.,1557.5,10.589999999999918
2023-08-05,1574.42,none,Predicted demand: 1554.5 kWh. Based on the 7-day average of 1939.3 kWh and contextual factors including none conditions.,1554.5,19.920000000000073
2023-03-26,1776.17,none,Predicted demand: 1777.5 kWh. Based on the 7-day average of 1644.5 kWh and contextual factors including none conditions.,1777.5,1.3299999999999272
2023-03-21,1779.03,none,Predicted demand: 1754.5 kWh. Based on the 7-day average of 1634.0 kWh and contextual factors including none conditions.,1754.5,24.529999999999973
2023-04-02,1797.6,none,Predicted demand: 1754.5 kWh. Based on the 7-day average of 1634.5 kWh and contextual factors including none conditions.,1754.5,43.09999999999991
2023-12-19,1538.81,none,Predicted demand: 1554.5 kWh. Based on the 7-day average of 1451.0 kWh and contextual factors including none conditions.,1554.5,15.690000000000055
2023-07-24,2053.85,none,Predicted demand: 2097.5 kWh. Based on the 7-day average of 1934.3 kWh and contextual factors including none conditions.,2097.5,43.65000000000009
2023-09-19,1782.08,none,Predicted demand: 1754.5 kWh. Based on the 7-day average of 1689.0 kWh and contextual factors including none conditions.,1754.5,27.579999999999927
2023-04-11,1772.32,none,Predicted demand: 1757.9 kWh. Based on the 7-day average of 1678.0 kWh and contextual factors including none conditions.,1757.9,14.419999999999845
2023-10-16,1782.81,none,Predicted demand: 1754.5 kWh. Based on the 7-day average of 1698.9 kWh and contextual factors including none conditions.,1754.5,28.309999999999945
2023-07-22,1545.08,none,Predicted demand: 1554.5 kWh. Based on the 7-day average of 1939.3 kWh and contextual factors including none conditions.,1554.5,9.420000000000073
